"day,usage"
2010-01-01,0
2010-01-02,0
2010-01-03,0
2010-01-04,0
2010-01-05,0
2010-01-06,0
2010-01-07,0
2010-01-08,0
2010-01-09,0
2010-01-10,0
2010-01-11,0
2010-01-12,0
2010-01-13,0
2010-01-14,0
2010-01-15,0
2010-01-16,0
2010-01-17,0
2010-01-18,0
2010-01-19,0
2010-01-20,0
2010-01-21,0
2010-01-22,0
2010-01-23,0
2010-01-24,0
2010-01-25,0
2010-01-26,0
2010-01-27,0
2010-01-28,0
2010-01-29,0
2010-01-30,0
2010-01-31,0
2010-02-01,0
2010-02-02,0
2010-02-03,0
2010-02-04,0
2010-02-05,0
2010-02-06,0
2010-02-07,0
2010-02-08,0
2010-02-09,0
2010-02-10,0
2010-02-11,0
2010-02-12,0
2010-02-13,0
2010-02-14,0
2010-02-15,0
2010-02-16,0
2010-02-17,0
2010-02-18,0
2010-02-19,0
2010-02-20,0
2010-02-21,0
2010-02-22,0
2010-02-23,0
2010-02-24,0
2010-02-25,0
2010-02-26,0
2010-02-27,0
2010-02-28,0
2010-03-01,0
2010-03-02,0
2010-03-03,0
2010-03-04,0
2010-03-05,0
2010-03-06,0
2010-03-07,0
2010-03-08,0
2010-03-09,0
2010-03-10,0
2010-03-11,0
2010-03-12,0
2010-03-13,0
2010-03-14,0
2010-03-15,0
2010-03-16,0
2010-03-17,0
2010-03-18,0
2010-03-19,0
2010-03-20,0
2010-03-21,0
2010-03-22,0
2010-03-23,0
2010-03-24,0
2010-03-25,0
2010-03-26,0
2010-03-27,0
2010-03-28,0
2010-03-29,0
2010-03-30,0
2010-03-31,0
2010-04-01,0
2010-04-02,0
2010-04-03,0
2010-04-04,0
2010-04-05,0
2010-04-06,0
2010-04-07,0
2010-04-08,0
2010-04-09,0
2010-04-10,0
2010-04-11,0
2010-04-12,0
2010-04-13,0
2010-04-14,0
2010-04-15,0
2010-04-16,0
2010-04-17,0
2010-04-18,0
2010-04-19,0
2010-04-20,0
2010-04-21,0
2010-04-22,0
2010-04-23,0
2010-04-24,0
2010-04-25,0
2010-04-26,0
2010-04-27,0
2010-04-28,0
2010-04-29,0
2010-04-30,0
2010-05-01,0
2010-05-02,0
2010-05-03,0
2010-05-04,0
2010-05-05,0
2010-05-06,0
2010-05-07,0
2010-05-08,0
2010-05-09,0
2010-05-10,0
2010-05-11,0
2010-05-12,0
2010-05-13,0
2010-05-14,0
2010-05-15,0
2010-05-16,0
2010-05-17,0
2010-05-18,0
2010-05-19,0
2010-05-20,0
2010-05-21,0
2010-05-22,0
2010-05-23,0
2010-05-24,0
2010-05-25,0
2010-05-26,0
2010-05-27,0
2010-05-28,0
2010-05-29,0
2010-05-30,0
2010-05-31,0
2010-06-01,0
2010-06-02,0
2010-06-03,0
2010-06-04,0
2010-06-05,0
2010-06-06,0
2010-06-07,0
2010-06-08,0
2010-06-09,0
2010-06-10,0
2010-06-11,0
2010-06-12,0
2010-06-13,0
2010-06-14,0
2010-06-15,0
2010-06-16,0
2010-06-17,0
2010-06-18,0
2010-06-19,0
2010-06-20,0
2010-06-21,0
2010-06-22,0
2010-06-23,0
2010-06-24,0
2010-06-25,0
2010-06-26,0
2010-06-27,0
2010-06-28,0
2010-06-29,0
2010-06-30,0
2010-07-01,0
2010-07-02,0
2010-07-03,0
2010-07-04,0
2010-07-05,0
2010-07-06,0
2010-07-07,0
2010-07-08,0
2010-07-09,0
2010-07-10,0
2010-07-11,0
2010-07-12,0
2010-07-13,0
2010-07-14,0
2010-07-15,0
2010-07-16,0
2010-07-17,0
2010-07-18,0
2010-07-19,0
2010-07-20,0
2010-07-21,0
2010-07-22,0
2010-07-23,0
2010-07-24,0
2010-07-25,0
2010-07-26,0
2010-07-27,0
2010-07-28,0
2010-07-29,0
2010-07-30,0
2010-07-31,0
2010-08-01,0
2010-08-02,0
2010-08-03,0
2010-08-04,0
2010-08-05,0
2010-08-06,0
2010-08-07,0
2010-08-08,0
2010-08-09,0
2010-08-10,0
2010-08-11,0
2010-08-12,0
2010-08-13,0
2010-08-14,0
2010-08-15,0
2010-08-16,0
2010-08-17,0
2010-08-18,0
2010-08-19,0
2010-08-20,0
2010-08-21,0
2010-08-22,0
2010-08-23,0
2010-08-24,0
2010-08-25,0
2010-08-26,0
2010-08-27,0
2010-08-28,0
2010-08-29,0
2010-08-30,0
2010-08-31,0
2010-09-01,0
2010-09-02,0
2010-09-03,0
2010-09-04,0
2010-09-05,0
2010-09-06,0
2010-09-07,0
2010-09-08,0
2010-09-09,0
2010-09-10,0
2010-09-11,0
2010-09-12,0
2010-09-13,0
2010-09-14,0
2010-09-15,0
2010-09-16,0
2010-09-17,0
2010-09-18,0
2010-09-19,0
2010-09-20,0
2010-09-21,0
2010-09-22,0
2010-09-23,0
2010-09-24,0
2010-09-25,0
2010-09-26,0
2010-09-27,0
2010-09-28,0
2010-09-29,0
2010-09-30,0
2010-10-01,0
2010-10-02,0
2010-10-03,0
2010-10-04,0
2010-10-05,0
2010-10-06,0
2010-10-07,0
2010-10-08,0
2010-10-09,0
2010-10-10,0
2010-10-11,0
2010-10-12,0
2010-10-13,0
2010-10-14,0
2010-10-15,0
2010-10-16,0
2010-10-17,0
2010-10-18,0
2010-10-19,0
2010-10-20,0
2010-10-21,0
2010-10-22,0
2010-10-23,0
2010-10-24,0
2010-10-25,0
2010-10-26,0
2010-10-27,0
2010-10-28,0
2010-10-29,1
2010-10-30,0
2010-10-31,0
2010-11-01,0
2010-11-02,0
2010-11-03,0
2010-11-04,0
2010-11-05,0
2010-11-06,0
2010-11-07,0
2010-11-08,0
2010-11-09,0
2010-11-10,0
2010-11-11,0
2010-11-12,0
2010-11-13,0
2010-11-14,0
2010-11-15,0
2010-11-16,0
2010-11-17,0
2010-11-18,0
2010-11-19,0
2010-11-20,0
2010-11-21,0
2010-11-22,0
2010-11-23,0
2010-11-24,0
2010-11-25,0
2010-11-26,0
2010-11-27,0
2010-11-28,0
2010-11-29,0
2010-11-30,0
2010-12-01,0
2010-12-02,0
2010-12-03,0
2010-12-04,0
2010-12-05,0
2010-12-06,0
2010-12-07,0
2010-12-08,0
2010-12-09,0
2010-12-10,0
2010-12-11,0
2010-12-12,0
2010-12-13,0
2010-12-14,0
2010-12-15,0
2010-12-16,0
2010-12-17,0
2010-12-18,0
2010-12-19,0
2010-12-20,0
2010-12-21,0
2010-12-22,0
2010-12-23,0
2010-12-24,0
2010-12-25,0
2010-12-26,0
2010-12-27,0
2010-12-28,0
2010-12-29,0
2010-12-30,0
2010-12-31,0
2011-01-01,0
2011-01-02,0
2011-01-03,0
2011-01-04,0
2011-01-05,0
2011-01-06,0
2011-01-07,0
2011-01-08,0
2011-01-09,0
2011-01-10,0
2011-01-11,0
2011-01-12,0
2011-01-13,0
2011-01-14,0
2011-01-15,0
2011-01-16,0
2011-01-17,0
2011-01-18,0
2011-01-19,0
2011-01-20,0
2011-01-21,0
2011-01-22,0
2011-01-23,0
2011-01-24,0
2011-01-25,0
2011-01-26,0
2011-01-27,0
2011-01-28,0
2011-01-29,0
2011-01-30,0
2011-01-31,0
2011-02-01,0
2011-02-02,0
2011-02-03,0
2011-02-04,0
2011-02-05,0
2011-02-06,0
2011-02-07,0
2011-02-08,0
2011-02-09,0
2011-02-10,0
2011-02-11,0
2011-02-12,0
2011-02-13,0
2011-02-14,0
2011-02-15,0
2011-02-16,0
2011-02-17,0
2011-02-18,0
2011-02-19,0
2011-02-20,0
2011-02-21,0
2011-02-22,0
2011-02-23,0
2011-02-24,0
2011-02-25,0
2011-02-26,0
2011-02-27,0
2011-02-28,0
2011-03-01,0
2011-03-02,0
2011-03-03,0
2011-03-04,0
2011-03-05,0
2011-03-06,0
2011-03-07,0
2011-03-08,0
2011-03-09,0
2011-03-10,0
2011-03-11,0
2011-03-12,0
2011-03-13,0
2011-03-14,0
2011-03-15,0
2011-03-16,0
2011-03-17,0
2011-03-18,0
2011-03-19,0
2011-03-20,0
2011-03-21,0
2011-03-22,0
2011-03-23,0
2011-03-24,0
2011-03-25,0
2011-03-26,0
2011-03-27,0
2011-03-28,0
2011-03-29,0
2011-03-30,0
2011-03-31,0
2011-04-01,0
2011-04-02,0
2011-04-03,0
2011-04-04,0
2011-04-05,0
2011-04-06,0
2011-04-07,0
2011-04-08,0
2011-04-09,0
2011-04-10,0
2011-04-11,0
2011-04-12,0
2011-04-13,0
2011-04-14,0
2011-04-15,0
2011-04-16,0
2011-04-17,0
2011-04-18,0
2011-04-19,0
2011-04-20,0
2011-04-21,0
2011-04-22,0
2011-04-23,0
2011-04-24,0
2011-04-25,0
2011-04-26,0
2011-04-27,0
2011-04-28,0
2011-04-29,0
2011-04-30,0
2011-05-01,0
2011-05-02,0
2011-05-03,0
2011-05-04,0
2011-05-05,0
2011-05-06,0
2011-05-07,0
2011-05-08,0
2011-05-09,0
2011-05-10,0
2011-05-11,0
2011-05-12,0
2011-05-13,0
2011-05-14,0
2011-05-15,0
2011-05-16,0
2011-05-17,0
2011-05-18,0
2011-05-19,0
2011-05-20,0
2011-05-21,0
2011-05-22,0
2011-05-23,0
2011-05-24,0
2011-05-25,0
2011-05-26,0
2011-05-27,0
2011-05-28,0
2011-05-29,0
2011-05-30,0
2011-05-31,0
2011-06-01,0
2011-06-02,0
2011-06-03,0
2011-06-04,0
2011-06-05,0
2011-06-06,0
2011-06-07,0
2011-06-08,0
2011-06-09,0
2011-06-10,0
2011-06-11,0
2011-06-12,0
2011-06-13,0
2011-06-14,0
2011-06-15,0
2011-06-16,0
2011-06-17,0
2011-06-18,0
2011-06-19,0
2011-06-20,0
2011-06-21,0
2011-06-22,0
2011-06-23,0
2011-06-24,0
2011-06-25,0
2011-06-26,0
2011-06-27,0
2011-06-28,0
2011-06-29,0
2011-06-30,0
2011-07-01,0
2011-07-02,0
2011-07-03,0
2011-07-04,0
2011-07-05,0
2011-07-06,0
2011-07-07,0
2011-07-08,0
2011-07-09,0
2011-07-10,0
2011-07-11,0
2011-07-12,0
2011-07-13,0
2011-07-14,0
2011-07-15,0
2011-07-16,0
2011-07-17,0
2011-07-18,0
2011-07-19,0
2011-07-20,0
2011-07-21,0
2011-07-22,0
2011-07-23,0
2011-07-24,0
2011-07-25,0
2011-07-26,0
2011-07-27,1
2011-07-28,0
2011-07-29,0
2011-07-30,0
2011-07-31,0
2011-08-01,0
2011-08-02,0
2011-08-03,0
2011-08-04,0
2011-08-05,0
2011-08-06,0
2011-08-07,0
2011-08-08,0
2011-08-09,0
2011-08-10,0
2011-08-11,0
2011-08-12,0
2011-08-13,0
2011-08-14,0
2011-08-15,0
2011-08-16,0
2011-08-17,0
2011-08-18,0
2011-08-19,0
2011-08-20,0
2011-08-21,0
2011-08-22,0
2011-08-23,0
2011-08-24,0
2011-08-25,0
2011-08-26,0
2011-08-27,0
2011-08-28,0
2011-08-29,0
2011-08-30,0
2011-08-31,0
2011-09-01,0
2011-09-02,0
2011-09-03,0
2011-09-04,0
2011-09-05,0
2011-09-06,0
2011-09-07,0
2011-09-08,0
2011-09-09,0
2011-09-10,0
2011-09-11,0
2011-09-12,0
2011-09-13,0
2011-09-14,1
2011-09-15,0
2011-09-16,0
2011-09-17,0
2011-09-18,0
2011-09-19,0
2011-09-20,0
2011-09-21,0
2011-09-22,0
2011-09-23,0
2011-09-24,0
2011-09-25,0
2011-09-26,0
2011-09-27,0
2011-09-28,0
2011-09-29,0
2011-09-30,0
2011-10-01,0
2011-10-02,0
2011-10-03,0
2011-10-04,0
2011-10-05,0
2011-10-06,0
2011-10-07,0
2011-10-08,0
2011-10-09,0
2011-10-10,0
2011-10-11,0
2011-10-12,0
2011-10-13,0
2011-10-14,0
2011-10-15,2
2011-10-16,0
2011-10-17,0
2011-10-18,0
2011-10-19,0
2011-10-20,0
2011-10-21,1
2011-10-22,1
2011-10-23,1
2011-10-24,0
2011-10-25,0
2011-10-26,1
2011-10-27,0
2011-10-28,2
2011-10-29,0
2011-10-30,0
2011-10-31,0
2011-11-01,3
2011-11-02,0
2011-11-03,0
2011-11-04,0
2011-11-05,1
2011-11-06,0
2011-11-07,0
2011-11-08,0
2011-11-09,0
2011-11-10,2
2011-11-11,0
2011-11-12,0
2011-11-13,2
2011-11-14,0
2011-11-15,0
2011-11-16,2
2011-11-17,2
2011-11-18,1
2011-11-19,0
2011-11-20,0
2011-11-21,0
2011-11-22,7
2011-11-23,2
2011-11-24,0
2011-11-25,0
2011-11-26,0
2011-11-27,0
2011-11-28,2
2011-11-29,1
2011-11-30,1
2011-12-01,0
2011-12-02,0
2011-12-03,2
2011-12-04,0
2011-12-05,3
2011-12-06,0
2011-12-07,0
2011-12-08,1
2011-12-09,1
2011-12-10,0
2011-12-11,1
2011-12-12,1
2011-12-13,0
2011-12-14,0
2011-12-15,1
2011-12-16,0
2011-12-17,0
2011-12-18,0
2011-12-19,0
2011-12-20,0
2011-12-21,0
2011-12-22,0
2011-12-23,0
2011-12-24,0
2011-12-25,0
2011-12-26,0
2011-12-27,1
2011-12-28,2
2011-12-29,0
2011-12-30,0
2011-12-31,0
2012-01-01,0
2012-01-02,0
2012-01-03,0
2012-01-04,0
2012-01-05,0
2012-01-06,0
2012-01-07,1
2012-01-08,0
2012-01-09,0
2012-01-10,0
2012-01-11,0
2012-01-12,0
2012-01-13,0
2012-01-14,0
2012-01-15,0
2012-01-16,0
2012-01-17,0
2012-01-18,0
2012-01-19,0
2012-01-20,1
2012-01-21,2
2012-01-22,2
2012-01-23,3
2012-01-24,2
2012-01-25,0
2012-01-26,4
2012-01-27,0
2012-01-28,4
2012-01-29,34
2012-01-30,8
2012-01-31,6
2012-02-01,3
2012-02-02,0
2012-02-03,3
2012-02-04,0
2012-02-05,12
2012-02-06,1
2012-02-07,4
2012-02-08,4
2012-02-09,0
2012-02-10,2
2012-02-11,1
2012-02-12,1
2012-02-13,1
2012-02-14,2
2012-02-15,1
2012-02-16,0
2012-02-17,0
2012-02-18,0
2012-02-19,0
2012-02-20,0
2012-02-21,1
2012-02-22,1
2012-02-23,0
2012-02-24,0
2012-02-25,2
2012-02-26,0
2012-02-27,3
2012-02-28,1
2012-02-29,0
2012-03-01,0
2012-03-02,1
2012-03-03,1
2012-03-04,0
2012-03-05,1
2012-03-06,0
2012-03-07,3
2012-03-08,5
2012-03-09,8
2012-03-10,3
2012-03-11,1
2012-03-12,7
2012-03-13,0
2012-03-14,2
2012-03-15,5
2012-03-16,31
2012-03-17,11
2012-03-18,2
2012-03-19,31
2012-03-20,96
2012-03-21,89
2012-03-22,71
2012-03-23,83
2012-03-24,48
2012-03-25,63
2012-03-26,180
2012-03-27,163
2012-03-28,129
2012-03-29,113
2012-03-30,98
2012-03-31,53
2012-04-01,73
2012-04-02,101
2012-04-03,140
2012-04-04,134
2012-04-05,140
2012-04-06,126
2012-04-07,123
2012-04-08,120
2012-04-09,128
2012-04-10,141
2012-04-11,119
2012-04-12,104
2012-04-13,89
2012-04-14,86
2012-04-15,91
2012-04-16,155
2012-04-17,95
2012-04-18,150
2012-04-19,127
2012-04-20,101
2012-04-21,71
2012-04-22,73
2012-04-23,91
2012-04-24,99
2012-04-25,109
2012-04-26,109
2012-04-27,96
2012-04-28,86
2012-04-29,77
2012-04-30,67
2012-05-01,153
2012-05-02,87
2012-05-03,426
2012-05-04,237
2012-05-05,113
2012-05-06,104
2012-05-07,230
2012-05-08,212
2012-05-09,223
2012-05-10,189
2012-05-11,120
2012-05-12,187
2012-05-13,160
2012-05-14,171
2012-05-15,174
2012-05-16,175
2012-05-17,173
2012-05-18,175
2012-05-19,108
2012-05-20,107
2012-05-21,151
2012-05-22,152
2012-05-23,167
2012-05-24,154
2012-05-25,215
2012-05-26,269
2012-05-27,211
2012-05-28,212
2012-05-29,158
2012-05-30,273
2012-05-31,228
2012-06-01,235
2012-06-02,152
2012-06-03,157
2012-06-04,152
2012-06-05,175
2012-06-06,221
2012-06-07,203
2012-06-08,271
2012-06-09,185
2012-06-10,263
2012-06-11,324
2012-06-12,337
2012-06-13,276
2012-06-14,296
2012-06-15,265
2012-06-16,242
2012-06-17,272
2012-06-18,303
2012-06-19,333
2012-06-20,262
2012-06-21,319
2012-06-22,249
2012-06-23,230
2012-06-24,264
2012-06-25,244
2012-06-26,248
2012-06-27,255
2012-06-28,275
2012-06-29,308
2012-06-30,226
2012-07-01,251
2012-07-02,496
2012-07-03,502
2012-07-04,358
2012-07-05,271
2012-07-06,343
2012-07-07,352
2012-07-08,264
2012-07-09,469
2012-07-10,284
2012-07-11,318
2012-07-12,313
2012-07-13,278
2012-07-14,225
2012-07-15,209
2012-07-16,269
2012-07-17,261
2012-07-18,272
2012-07-19,254
2012-07-20,208
2012-07-21,201
2012-07-22,287
2012-07-23,315
2012-07-24,327
2012-07-25,276
2012-07-26,279
2012-07-27,310
2012-07-28,191
2012-07-29,203
2012-07-30,305
2012-07-31,225
2012-08-01,222
2012-08-02,244
2012-08-03,218
2012-08-04,203
2012-08-05,183
2012-08-06,221
2012-08-07,220
2012-08-08,224
2012-08-09,236
2012-08-10,204
2012-08-11,202
2012-08-12,194
2012-08-13,235
2012-08-14,221
2012-08-15,262
2012-08-16,235
2012-08-17,185
2012-08-18,173
2012-08-19,214
2012-08-20,212
2012-08-21,222
2012-08-22,240
2012-08-23,232
2012-08-24,240
2012-08-25,184
2012-08-26,226
2012-08-27,229
2012-08-28,192
2012-08-29,197
2012-08-30,223
2012-08-31,241
2012-09-01,220
2012-09-02,364
2012-09-03,208
2012-09-04,361
2012-09-05,229
2012-09-06,199
2012-09-07,187
2012-09-08,232
2012-09-09,211
2012-09-10,211
2012-09-11,202
2012-09-12,198
2012-09-13,192
2012-09-14,177
2012-09-15,179
2012-09-16,194
2012-09-17,190
2012-09-18,218
2012-09-19,2387
2012-09-20,8870
2012-09-21,4110
2012-09-22,2931
2012-09-23,2345
2012-09-24,2326
2012-09-25,2209
2012-09-26,2063
2012-09-27,1963
2012-09-28,1857
2012-09-29,1641
2012-09-30,1602
2012-10-01,1785
2012-10-02,1656
2012-10-03,1723
2012-10-04,1932
2012-10-05,1657
2012-10-06,1494
2012-10-07,1479
2012-10-08,1479
2012-10-09,1633
2012-10-10,1769
2012-10-11,1660
2012-10-12,1519
2012-10-13,1462
2012-10-14,1544
2012-10-15,1599
2012-10-16,1691
2012-10-17,1624
2012-10-18,1597
2012-10-19,1475
2012-10-20,1557
2012-10-21,1354
2012-10-22,1549
2012-10-23,1557
2012-10-24,1774
2012-10-25,1786
2012-10-26,1635
2012-10-27,1760
2012-10-28,4571
2012-10-29,1677
2012-10-30,1587
2012-10-31,2377
2012-11-01,1912
2012-11-02,1540
2012-11-03,1711
2012-11-04,1384
2012-11-05,1631
2012-11-06,1583
2012-11-07,1388
2012-11-08,1657
2012-11-09,1652
2012-11-10,1641
2012-11-11,2173
2012-11-12,1788
2012-11-13,2053
2012-11-14,1570
2012-11-15,1529
2012-11-16,1438
2012-11-17,1552
2012-11-18,1482
2012-11-19,4632
2012-11-20,1544
2012-11-21,1540
2012-11-22,1512
2012-11-23,1229
2012-11-24,1960
2012-11-25,1581
2012-11-26,1505
2012-11-27,1504
2012-11-28,1473
2012-11-29,1420
2012-11-30,1557
2012-12-01,1586
2012-12-02,1696
2012-12-03,1508
2012-12-04,1449
2012-12-05,1301
2012-12-06,1427
2012-12-07,1456
2012-12-08,1482
2012-12-09,1265
2012-12-10,1362
2012-12-11,1409
2012-12-12,1542
2012-12-13,1437
2012-12-14,1205
2012-12-15,1341
2012-12-16,1279
2012-12-17,1307
2012-12-18,1332
2012-12-19,1325
2012-12-20,1242
2012-12-21,1203
2012-12-22,1284
2012-12-23,1324
2012-12-24,1320
2012-12-25,1133
2012-12-26,1299
2012-12-27,1598
2012-12-28,1680
2012-12-29,1711
2012-12-30,1666
2012-12-31,1788
2013-01-01,1341
2013-01-02,1650
2013-01-03,2386
2013-01-04,1784
2013-01-05,1862
2013-01-06,1919
2013-01-07,1779
2013-01-08,1807
2013-01-09,2064
2013-01-10,2168
2013-01-11,1808
2013-01-12,1809
2013-01-13,1966
2013-01-14,1885
2013-01-15,1794
2013-01-16,2170
2013-01-17,1995
2013-01-18,1782
2013-01-19,1731
2013-01-20,1739
2013-01-21,2359
2013-01-22,1895
2013-01-23,2159
2013-01-24,2354
2013-01-25,1899
2013-01-26,1860
2013-01-27,2057
2013-01-28,2166
2013-01-29,2240
2013-01-30,2165
2013-01-31,2124
2013-02-01,1999
2013-02-02,2065
2013-02-03,2906
2013-02-04,6735
2013-02-05,2202
2013-02-06,2216
2013-02-07,2059
2013-02-08,1984
2013-02-09,1827
2013-02-10,2004
2013-02-11,2339
2013-02-12,2147
2013-02-13,2225
2013-02-14,2149
2013-02-15,2074
2013-02-16,2080
2013-02-17,3357
2013-02-18,2543
2013-02-19,2506
2013-02-20,2546
2013-02-21,2986
2013-02-22,2551
2013-02-23,2283
2013-02-24,2226
2013-02-25,2219
2013-02-26,2303
2013-02-27,2344
2013-02-28,2397
2013-03-01,2731
2013-03-02,2329
2013-03-03,2559
2013-03-04,2345
2013-03-05,2689
2013-03-06,2363
2013-03-07,2532
2013-03-08,2473
2013-03-09,2708
2013-03-10,2874
2013-03-11,2633
2013-03-12,2844
2013-03-13,2817
2013-03-14,2794
2013-03-15,2726
2013-03-16,2579
2013-03-17,3225
2013-03-18,3355
2013-03-19,3137
2013-03-20,5144
2013-03-21,3213
2013-03-22,2699
2013-03-23,2526
2013-03-24,3782
2013-03-25,2776
2013-03-26,2840
2013-03-27,2834
2013-03-28,2859
2013-03-29,3019
2013-03-30,3263
2013-03-31,2789
2013-04-01,3122
2013-04-02,2895
2013-04-03,3038
2013-04-04,3173
2013-04-05,3177
2013-04-06,3070
2013-04-07,3678
2013-04-08,4022
2013-04-09,4740
2013-04-10,4460
2013-04-11,3275
2013-04-12,2944
2013-04-13,2931
2013-04-14,3079
2013-04-15,3308
2013-04-16,3357
2013-04-17,3626
2013-04-18,3449
2013-04-19,2910
2013-04-20,2801
2013-04-21,2954
2013-04-22,3671
2013-04-23,3692
2013-04-24,3595
2013-04-25,3541
2013-04-26,3133
2013-04-27,3428
2013-04-28,3266
2013-04-29,3575
2013-04-30,3896
2013-05-01,5285
2013-05-02,3970
2013-05-03,3480
2013-05-04,3206
2013-05-05,3238
2013-05-06,3797
2013-05-07,4139
2013-05-08,3927
2013-05-09,3695
2013-05-10,3187
2013-05-11,2646
2013-05-12,2690
2013-05-13,3239
2013-05-14,3346
2013-05-15,3282
2013-05-16,3542
2013-05-17,3104
2013-05-18,2873
2013-05-19,3177
2013-05-20,3063
2013-05-21,3544
2013-05-22,3249
2013-05-23,2975
2013-05-24,2827
2013-05-25,3985
2013-05-26,3154
2013-05-27,3145
2013-05-28,3144
2013-05-29,3569
2013-05-30,3620
2013-05-31,3919
2013-06-01,3555
2013-06-02,3846
2013-06-03,3502
2013-06-04,3476
2013-06-05,3703
2013-06-06,3512
2013-06-07,3839
2013-06-08,3771
2013-06-09,3150
2013-06-10,3123
2013-06-11,3366
2013-06-12,3190
2013-06-13,3063
2013-06-14,3167
2013-06-15,2821
2013-06-16,3305
2013-06-17,3253
2013-06-18,3822
2013-06-19,3662
2013-06-20,3395
2013-06-21,3345
2013-06-22,2890
2013-06-23,3535
2013-06-24,3554
2013-06-25,3648
2013-06-26,3664
2013-06-27,3660
2013-06-28,3439
2013-06-29,4061
2013-06-30,3641
2013-07-01,3647
2013-07-02,4369
2013-07-03,3601
2013-07-04,2919
2013-07-05,3426
2013-07-06,3525
2013-07-07,3620
2013-07-08,4110
2013-07-09,4573
2013-07-10,4896
2013-07-11,4004
2013-07-12,3404
2013-07-13,3593
2013-07-14,2411
2013-07-15,4096
2013-07-16,4441
2013-07-17,3846
2013-07-18,3683
2013-07-19,3598
2013-07-20,3663
2013-07-21,3135
2013-07-22,3884
2013-07-23,4328
2013-07-24,4825
2013-07-25,1421
2013-07-26,3844
2013-07-27,3299
2013-07-28,3079
2013-07-29,3418
2013-07-30,3642
2013-07-31,4158
2013-08-01,4388
2013-08-02,3784
2013-08-03,4239
2013-08-04,3982
2013-08-05,6023
2013-08-06,4908
2013-08-07,702
2013-08-08,5587
2013-08-09,4144
2013-08-10,3908
2013-08-11,3905
2013-08-12,4155
2013-08-13,5552
2013-08-14,4723
2013-08-15,4040
2013-08-16,4015
2013-08-17,3978
2013-08-18,4656
2013-08-19,4266
2013-08-20,4578
2013-08-21,4579
2013-08-22,4765
2013-08-23,4262
2013-08-24,3776
2013-08-25,5038
2013-08-26,4314
2013-08-27,4041
2013-08-28,4339
2013-08-29,4635
2013-08-30,4705
2013-08-31,4883
2013-09-01,3883
2013-09-02,4604
2013-09-03,4117
2013-09-04,10074
2013-09-05,5454
2013-09-06,4940
2013-09-07,4394
2013-09-08,4212
2013-09-09,4162
2013-09-10,3601
2013-09-11,4121
2013-09-12,3578
2013-09-13,4037
2013-09-14,4271
2013-09-15,3693
2013-09-16,4159
2013-09-17,4381
2013-09-18,3684
2013-09-19,3365
2013-09-20,3860
2013-09-21,4217
2013-09-22,3793
2013-09-23,4054
2013-09-24,4227
2013-09-25,3799
2013-09-26,4281
2013-09-27,4892
2013-09-28,4240
2013-09-29,3454
2013-09-30,3375
2013-10-01,3703
2013-10-02,4273
2013-10-03,3635
2013-10-04,4074
2013-10-05,4515
2013-10-06,4131
2013-10-07,3732
2013-10-08,5392
2013-10-09,3871
2013-10-10,3548
2013-10-11,3511
2013-10-12,3384
2013-10-13,3340
2013-10-14,3791
2013-10-15,3864
2013-10-16,3554
2013-10-17,3796
2013-10-18,3715
2013-10-19,4141
2013-10-20,3437
2013-10-21,3841
2013-10-22,3569
2013-10-23,3330
2013-10-24,3485
2013-10-25,3538
2013-10-26,4199
2013-10-27,5959
2013-10-28,4768
2013-10-29,5250
2013-10-30,4055
2013-10-31,5158
2013-11-01,4383
2013-11-02,4441
2013-11-03,3417
2013-11-04,1523
2013-11-05,3388
2013-11-06,3179
2013-11-07,3247
2013-11-08,3384
2013-11-09,4522
2013-11-10,2001
2013-11-11,3310
2013-11-12,3470
2013-11-13,3230
2013-11-14,3405
2013-11-15,3496
2013-11-16,3925
2013-11-17,7665
2013-11-18,3752
2013-11-19,3177
2013-11-20,3674
2013-11-21,2977
2013-11-22,3411
2013-11-23,4120
2013-11-24,3351
2013-11-25,3412
2013-11-26,3371
2013-11-27,3386
2013-11-28,3410
2013-11-29,2973
2013-11-30,4943
2013-12-01,3666
2013-12-02,3315
2013-12-03,3213
2013-12-04,3615
2013-12-05,2938
2013-12-06,3288
2013-12-07,3511
2013-12-08,3469
2013-12-09,3617
2013-12-10,3810
2013-12-11,4048
2013-12-12,3482
2013-12-13,16373
2013-12-14,6686
2013-12-15,5955
2013-12-16,5978
2013-12-17,5045
2013-12-18,5470
2013-12-19,4907
2013-12-20,5256
2013-12-21,4666
2013-12-22,4115
2013-12-23,4584
2013-12-24,3477
2013-12-25,2719
2013-12-26,3080
2013-12-27,3836
2013-12-28,4208
2013-12-29,4521
2013-12-30,4984
2013-12-31,4454
2014-01-01,3302
2014-01-02,3911
2014-01-03,4848
2014-01-04,4925
2014-01-05,4281
2014-01-06,4838
2014-01-07,4327
2014-01-08,3829
2014-01-09,4125
2014-01-10,3415
2014-01-11,4342
2014-01-12,4659
2014-01-13,4001
2014-01-14,3554
2014-01-15,3596
2014-01-16,3874
2014-01-17,4069
2014-01-18,4710
2014-01-19,4012
2014-01-20,4140
2014-01-21,4504
2014-01-22,4599
2014-01-23,4493
2014-01-24,4350
2014-01-25,4368
2014-01-26,4812
2014-01-27,9783
2014-01-28,4899
2014-01-29,4278
2014-01-30,3890
2014-01-31,4044
2014-02-01,3999
2014-02-02,4456
2014-02-03,4497
2014-02-04,3985
2014-02-05,3904
2014-02-06,4090
2014-02-07,4053
2014-02-08,2526
2014-02-09,4104
2014-02-10,443
2014-02-11,3866
2014-02-12,2330
2014-02-13,2288
2014-02-14,4960
2014-02-15,3780
2014-02-16,5647
2014-02-17,3972
2014-02-18,4352
2014-02-19,6041
2014-02-20,4491
2014-02-21,5047
2014-02-22,4761
2014-02-23,2649
2014-02-24,5222
2014-02-25,5501
2014-02-26,5275
2014-02-27,4612
2014-02-28,4548
2014-03-01,5569
2014-03-02,4678
2014-03-03,4567
2014-03-04,4160
2014-03-05,4652
2014-03-06,4793
2014-03-07,4914
2014-03-08,5382
2014-03-09,6549
2014-03-10,6232
2014-03-11,5899
2014-03-12,5416
2014-03-13,5376
2014-03-14,4945
2014-03-15,5515
2014-03-16,5067
2014-03-17,5097
2014-03-18,5867
2014-03-19,6696
2014-03-20,9916
2014-03-21,6768
2014-03-22,7026
2014-03-23,8091
2014-03-24,6645
2014-03-25,6164
2014-03-26,5817
2014-03-27,6338
2014-03-28,6078
2014-03-29,6256
2014-03-30,6294
2014-03-31,6283
2014-04-01,7055
2014-04-02,7359
2014-04-03,6847
2014-04-04,6817
2014-04-05,7265
2014-04-06,6378
2014-04-07,5873
2014-04-08,6414
2014-04-09,6268
2014-04-10,7119
2014-04-11,6684
2014-04-12,17140
2014-04-13,7334
2014-04-14,6498
2014-04-15,6801
2014-04-16,7813
2014-04-17,5462
2014-04-18,7707
2014-04-19,6972
2014-04-20,5786
2014-04-21,7035
2014-04-22,7231
2014-04-23,6048
2014-04-24,6401
2014-04-25,6415
2014-04-26,753
2014-04-27,5859
2014-04-28,7172
2014-04-29,921
2014-04-30,6133
2014-05-01,7190
2014-05-02,6082
2014-05-03,5765
2014-05-04,6379
2014-05-05,6621
2014-05-06,7375
2014-05-07,6777
2014-05-08,6906
2014-05-09,7434
2014-05-10,6654
2014-05-11,6579
2014-05-12,6818
2014-05-13,6348
2014-05-14,7513
2014-05-15,6997
2014-05-16,6774
2014-05-17,7428
2014-05-18,8345
2014-05-19,8527
2014-05-20,9581
2014-05-21,7689
2014-05-22,7014
2014-05-23,7131
2014-05-24,6446
2014-05-25,6229
2014-05-26,6609
2014-05-27,6536
2014-05-28,6719
2014-05-29,10960
2014-05-30,8705
2014-05-31,6650
2014-06-01,7718
2014-06-02,6248
2014-06-03,7604
2014-06-04,7785
2014-06-05,22008
2014-06-06,13621
2014-06-07,21970
2014-06-08,9044
2014-06-09,7803
2014-06-10,8285
2014-06-11,9754
2014-06-12,8734
2014-06-13,8468
2014-06-14,7922
2014-06-15,6781
2014-06-16,6774
2014-06-17,6884
2014-06-18,6864
2014-06-19,9791
2014-06-20,7794
2014-06-21,6543
2014-06-22,6911
2014-06-23,7679
2014-06-24,8363
2014-06-25,8156
2014-06-26,11837
2014-06-27,7842
2014-06-28,8351
2014-06-29,10452
2014-06-30,14630
2014-07-01,11106
2014-07-02,9987
2014-07-03,11084
2014-07-04,7198
2014-07-05,6820
2014-07-06,8782
2014-07-07,8854
2014-07-08,9140
2014-07-09,9859
2014-07-10,11236
2014-07-11,9656
2014-07-12,8395
2014-07-13,9694
2014-07-14,8894
2014-07-15,9797
2014-07-16,9136
2014-07-17,10124
2014-07-18,10509
2014-07-19,7558
2014-07-20,7498
2014-07-21,9600
2014-07-22,10168
2014-07-23,855
2014-07-24,4743
2014-07-25,9413
2014-07-26,7678
2014-07-27,8285
2014-07-28,8587
2014-07-29,9011
2014-07-30,8098
2014-07-31,313
2014-08-01,9888
2014-08-02,7880
2014-08-03,11026
2014-08-04,10713
2014-08-05,8988
2014-08-06,9508
2014-08-07,10600
2014-08-08,10061
2014-08-09,10033
2014-08-10,9340
2014-08-11,9219
2014-08-12,10318
2014-08-13,9155
2014-08-14,5993
2014-08-15,10099
2014-08-16,11126
2014-08-17,11157
2014-08-18,9204
2014-08-19,9757
2014-08-20,8391
2014-08-21,10151
2014-08-22,8180
2014-08-23,10108
2014-08-24,11801
2014-08-25,38078
2014-08-26,9324
2014-08-27,10052
2014-08-28,7645
2014-08-29,8969
2014-08-30,7920
2014-08-31,8564
2014-09-01,11209
2014-09-02,9498
2014-09-03,10150
2014-09-04,32633
2014-09-05,12345
2014-09-06,9328
2014-09-07,10504
2014-09-08,9267
2014-09-09,7443
2014-09-10,7204
2014-09-11,8385
2014-09-12,9235
2014-09-13,9063
2014-09-14,10094
2014-09-15,8039
2014-09-16,8359
2014-09-17,8651
2014-09-18,7532
2014-09-19,7796
2014-09-20,9008
2014-09-21,12672
2014-09-22,4787
2014-09-23,7216
2014-09-24,6793
2014-09-25,7375
2014-09-26,6630
2014-09-27,7766
2014-09-28,6890
2014-09-29,7444
2014-09-30,7342
2014-10-01,6789
2014-10-02,6253
2014-10-03,7198
2014-10-04,8357
2014-10-05,8185
2014-10-06,7080
2014-10-07,7233
2014-10-08,6103
2014-10-09,7287
2014-10-10,6453
2014-10-11,6821
2014-10-12,7456
2014-10-13,7217
2014-10-14,6561
2014-10-15,9211
2014-10-16,10644
2014-10-17,6943
2014-10-18,6920
2014-10-19,7511
2014-10-20,8351
2014-10-21,5867
2014-10-22,7219
2014-10-23,6326
2014-10-24,6848
2014-10-25,7203
2014-10-26,9849
2014-10-27,7741
2014-10-28,7393
2014-10-29,8077
2014-10-30,8068
2014-10-31,8330
2014-11-01,8219
2014-11-02,6910
2014-11-03,11652
2014-11-04,7121
2014-11-05,7510
2014-11-06,7540
2014-11-07,6568
2014-11-08,9682
2014-11-09,12177
2014-11-10,6907
2014-11-11,11731
2014-11-12,3700
2014-11-13,6605
2014-11-14,7150
2014-11-15,8263
2014-11-16,9747
2014-11-17,6250
2014-11-18,6566
2014-11-19,6511
2014-11-20,6049
2014-11-21,6644
2014-11-22,9135
2014-11-23,6828
2014-11-24,6798
2014-11-25,5909
2014-11-26,6008
2014-11-27,5960
2014-11-28,5378
2014-11-29,10790
2014-11-30,8095
2014-12-01,7913
2014-12-02,6482
2014-12-03,6947
2014-12-04,5865
2014-12-05,6670
2014-12-06,6944
2014-12-07,7320
2014-12-08,5926
2014-12-09,5345
2014-12-10,5308
2014-12-11,6286
2014-12-12,6207
2014-12-13,6249
2014-12-14,5500
2014-12-15,6250
2014-12-16,5408
2014-12-17,5162
2014-12-18,5732
2014-12-19,4930
2014-12-20,5346
2014-12-21,5188
2014-12-22,5269
2014-12-23,5500
2014-12-24,5442
2014-12-25,5534
2014-12-26,5284
2014-12-27,6224
2014-12-28,5954
2014-12-29,8058
2014-12-30,6816
2014-12-31,7303
2015-01-01,9279
2015-01-02,5659
2015-01-03,7206
2015-01-04,8211
2015-01-05,7224
2015-01-06,6548
2015-01-07,6944
2015-01-08,5695
2015-01-09,5790
2015-01-10,7207
2015-01-11,7650
2015-01-12,5973
2015-01-13,7481
2015-01-14,8429
2015-01-15,6744
2015-01-16,6455
2015-01-17,7484
2015-01-18,9318
2015-01-19,8127
2015-01-20,6690
2015-01-21,7211
2015-01-22,6641
2015-01-23,7351
2015-01-24,8017
2015-01-25,8075
2015-01-26,8070
2015-01-27,7911
2015-01-28,6539
2015-01-29,7538
2015-01-30,7659
2015-01-31,8249
2015-02-01,7247
2015-02-02,14727
2015-02-03,7744
2015-02-04,6954
2015-02-05,6277
2015-02-06,6943
2015-02-07,7304
2015-02-08,8438
2015-02-09,21059
2015-02-10,6496
2015-02-11,6307
2015-02-12,6083
2015-02-13,6435
2015-02-14,7610
2015-02-15,511
2015-02-16,8056
2015-02-17,8218
2015-02-18,7864
2015-02-19,7189
2015-02-20,10741
2015-02-21,9812
2015-02-22,9673
2015-02-23,7856
2015-02-24,7693
2015-02-25,8410
2015-02-26,6948
2015-02-27,8064
2015-02-28,9071
2015-03-01,9918
2015-03-02,9712
2015-03-03,7213
2015-03-04,7338
2015-03-05,7698
2015-03-06,7533
2015-03-07,8652
2015-03-08,8771
2015-03-09,8269
2015-03-10,8556
2015-03-11,8732
2015-03-12,7301
2015-03-13,7916
2015-03-14,14239
2015-03-15,21482
2015-03-16,15981
2015-03-17,18187
2015-03-18,15607
2015-03-19,13588
2015-03-20,14361
2015-03-21,28478
2015-03-22,40312
2015-03-23,20867
2015-03-24,28428
2015-03-25,7106
2015-03-26,6837
2015-03-27,8966
2015-03-28,7940
2015-03-29,12841
2015-03-30,8061
2015-03-31,903
2015-04-01,9053
2015-04-02,7672
2015-04-03,937
2015-04-04,7562
2015-04-05,7254
2015-04-06,8582
2015-04-07,8439
2015-04-08,7994
2015-04-09,6962
2015-04-10,6706
2015-04-11,7380
2015-04-12,8043
2015-04-13,7475
2015-04-14,7784
2015-04-15,7549
2015-04-16,6852
2015-04-17,7765
2015-04-18,7869
2015-04-19,7032
2015-04-20,7427
2015-04-21,8445
2015-04-22,9510
2015-04-23,7227
2015-04-24,8262
2015-04-25,7858
2015-04-26,7808
2015-04-27,7247
2015-04-28,7020
2015-04-29,7733
2015-04-30,6890
2015-05-01,7486
2015-05-02,8050
2015-05-03,7902
2015-05-04,8359
2015-05-05,15146
2015-05-06,7490
2015-05-07,8118
2015-05-08,8439
2015-05-09,7769
2015-05-10,9872
2015-05-11,9764
2015-05-12,9255
2015-05-13,7684
2015-05-14,8062
2015-05-15,7784
2015-05-16,1442
2015-05-17,7536
2015-05-18,8030
2015-05-19,8521
2015-05-20,7451
2015-05-21,6924
2015-05-22,6391
2015-05-23,8283
2015-05-24,8529
2015-05-25,7054
2015-05-26,7035
2015-05-27,7550
2015-05-28,7814
2015-05-29,8590
2015-05-30,8733
2015-05-31,7982
2015-06-01,9419
2015-06-02,7430
2015-06-03,7153
2015-06-04,7008
2015-06-05,7386
2015-06-06,7701
2015-06-07,34631
2015-06-08,7167
2015-06-09,7596
2015-06-10,6908
2015-06-11,7103
2015-06-12,6459
2015-06-13,52413
2015-06-14,6792
2015-06-15,7490
2015-06-16,7361
2015-06-17,7112
2015-06-18,7454
2015-06-19,6896
2015-06-20,30103
2015-06-21,7719
2015-06-22,7606
2015-06-23,10247
2015-06-24,8315
2015-06-25,8281
2015-06-26,9172
2015-06-27,7539
2015-06-28,8193
2015-06-29,11185
2015-06-30,8092
2015-07-01,8239
2015-07-02,7745
2015-07-03,8272
2015-07-04,7525
2015-07-05,6594
2015-07-06,7374
2015-07-07,8590
2015-07-08,7556
2015-07-09,7943
2015-07-10,7845
2015-07-11,7981
2015-07-12,7500
2015-07-13,7391
2015-07-14,7961
2015-07-15,7832
2015-07-16,7388
2015-07-17,8169
2015-07-18,7471
2015-07-19,6604
2015-07-20,5110
2015-07-21,8118
2015-07-22,9721
2015-07-23,7485
2015-07-24,7959
2015-07-25,6969
2015-07-26,7522
2015-07-27,8067
2015-07-28,8450
2015-07-29,8447
2015-07-30,8229
2015-07-31,23582
2015-08-01,16334
2015-08-02,7082
2015-08-03,8375
2015-08-04,7251
2015-08-05,7041
2015-08-06,7382
2015-08-07,8667
2015-08-08,8048
2015-08-09,6857
2015-08-10,7013
2015-08-11,6951
2015-08-12,9657
2015-08-13,11297
2015-08-14,7700
2015-08-15,8038
2015-08-16,6868
2015-08-17,7493
2015-08-18,7385
2015-08-19,8230
2015-08-20,8083
2015-08-21,7189
2015-08-22,7484
2015-08-23,7452
2015-08-24,7087
2015-08-25,6871
2015-08-26,6865
2015-08-27,6741
2015-08-28,6949
2015-08-29,7335
2015-08-30,9226
2015-08-31,6937
2015-09-01,7004
2015-09-02,6067
2015-09-03,6697
2015-09-04,25971
2015-09-05,9356
2015-09-06,9763
2015-09-07,6371
2015-09-08,6369
2015-09-09,6559
2015-09-10,5972
2015-09-11,6643
2015-09-12,6855
2015-09-13,6392
2015-09-14,6395
2015-09-15,5882
2015-09-16,5282
2015-09-17,5484
2015-09-18,6168
2015-09-19,6751
2015-09-20,6366
2015-09-21,7178
2015-09-22,5940
2015-09-23,4825
2015-09-24,5911
2015-09-25,5569
2015-09-26,6269
2015-09-27,7128
2015-09-28,5774
2015-09-29,5632
2015-09-30,5763
2015-10-01,6382
2015-10-02,5939
2015-10-03,5836
2015-10-04,6196
2015-10-05,5293
2015-10-06,5094
2015-10-07,5311
2015-10-08,5453
2015-10-09,5741
2015-10-10,5867
2015-10-11,5470
2015-10-12,5955
2015-10-13,5533
2015-10-14,6121
2015-10-15,5643
2015-10-16,5908
2015-10-17,6134
2015-10-18,6192
2015-10-19,5933
2015-10-20,5401
2015-10-21,6541
2015-10-22,5795
2015-10-23,5835
2015-10-24,6505
2015-10-25,7717
2015-10-26,6407
2015-10-27,5852
2015-10-28,6429
2015-10-29,6266
2015-10-30,7646
2015-10-31,8335
2015-11-01,9148
2015-11-02,5989
2015-11-03,6050
2015-11-04,5817
2015-11-05,5576
2015-11-06,6032
2015-11-07,6248
2015-11-08,6732
2015-11-09,6292
2015-11-10,5414
2015-11-11,5325
2015-11-12,5755
2015-11-13,5507
2015-11-14,5331
2015-11-15,2988
2015-11-16,5866
2015-11-17,1134
2015-11-18,7229
2015-11-19,3999
2015-11-20,2010
2015-11-21,6055
2015-11-22,428
2015-11-23,1659
2015-11-24,972
2015-11-25,2986
2015-11-26,3207
2015-11-27,2501
2015-11-28,6493
2015-11-29,6116
2015-11-30,5680
2015-12-01,5840
2015-12-02,4866
2015-12-03,4874
2015-12-04,5122
2015-12-05,1226
2015-12-06,2926
2015-12-07,2260
2015-12-08,5205
2015-12-09,4919
2015-12-10,5036
2015-12-11,5310
2015-12-12,275
2015-12-13,916
2015-12-14,1277
2015-12-15,5713
2015-12-16,5137
2015-12-17,5037
2015-12-18,4895
2015-12-19,5248
2015-12-20,5098
2015-12-21,4862
2015-12-22,5491
2015-12-23,5406
2015-12-24,5053
2015-12-25,4424
2015-12-26,4709
2015-12-27,5260
2015-12-28,6162
2015-12-29,5658
2015-12-30,5947
2015-12-31,6239
2016-01-01,5025
2016-01-02,5336
2016-01-03,1146
2016-01-04,5479
2016-01-05,6300
2016-01-06,4953
2016-01-07,5403
2016-01-08,6171
2016-01-09,6602
2016-01-10,6192
2016-01-11,5949
2016-01-12,5905
2016-01-13,5204
2016-01-14,5585
2016-01-15,5164
2016-01-16,5382
2016-01-17,6128
2016-01-18,5823
2016-01-19,5475
2016-01-20,5543
2016-01-21,5624
2016-01-22,5767
2016-01-23,6847
2016-01-24,6427
2016-01-25,5781
2016-01-26,5987
2016-01-27,5819
2016-01-28,5617
2016-01-29,5847
2016-01-30,6155
2016-01-31,5611
2016-02-01,5993
2016-02-02,5918
2016-02-03,6547
2016-02-04,6726
2016-02-05,6286
2016-02-06,14510
2016-02-07,14167
2016-02-08,32579
2016-02-09,11358
2016-02-10,8340
2016-02-11,7603
2016-02-12,7013
2016-02-13,7570
2016-02-14,7734
2016-02-15,7322
2016-02-16,9686
2016-02-17,6914
2016-02-18,6526
2016-02-19,6793
2016-02-20,7034
2016-02-21,6604
2016-02-22,6782
2016-02-23,6879
2016-02-24,6760
2016-02-25,6413
2016-02-26,6203
2016-02-27,6905
2016-02-28,7140
2016-02-29,6346
2016-03-01,6881
2016-03-02,6715
2016-03-03,6439
2016-03-04,6751
2016-03-05,7294
2016-03-06,6957
2016-03-07,6704
2016-03-08,8120
2016-03-09,7535
2016-03-10,7778
2016-03-11,7239
2016-03-12,692
2016-03-13,7462
2016-03-14,7977
2016-03-15,8014
2016-03-16,7316
2016-03-17,7421
2016-03-18,7437
2016-03-19,7753
2016-03-20,9335
2016-03-21,7845
2016-03-22,7649
2016-03-23,7393
2016-03-24,8201
2016-03-25,7171
2016-03-26,7355
2016-03-27,200
2016-03-28,7202
2016-03-29,7417
2016-03-30,7444
2016-03-31,9515
2016-04-01,8156
2016-04-02,7763
2016-04-03,4320
2016-04-04,8124
2016-04-05,7773
2016-04-06,7600
2016-04-07,7523
2016-04-08,6872
2016-04-09,7764
2016-04-10,7904
2016-04-11,6504
2016-04-12,6799
2016-04-13,7024
2016-04-14,8043
2016-04-15,7138
2016-04-16,9844
2016-04-17,7772
2016-04-18,8169
2016-04-19,7555
2016-04-20,7961
2016-04-21,7641
2016-04-22,8916
2016-04-23,10188
2016-04-24,45064
2016-04-25,23810
2016-04-26,18147
2016-04-27,14833
2016-04-28,16496
2016-04-29,4721
2016-04-30,11280
2016-05-01,11086
2016-05-02,11678
2016-05-03,11896
2016-05-04,10364
2016-05-05,9245
2016-05-06,8913
2016-05-07,9522
2016-05-08,9429
2016-05-09,8612
2016-05-10,9232
2016-05-11,8402
2016-05-12,8569
2016-05-13,9599
2016-05-14,9219
2016-05-15,10292
2016-05-16,9049
2016-05-17,9353
2016-05-18,8482
2016-05-19,9146
2016-05-20,8587
2016-05-21,8618
2016-05-22,8070
2016-05-23,9190
2016-05-24,9038
2016-05-25,8142
2016-05-26,8854
2016-05-27,9080
2016-05-28,8170
2016-05-29,7978
2016-05-30,7350
2016-05-31,8237
2016-06-01,8833
2016-06-02,7928
2016-06-03,9215
2016-06-04,21261
2016-06-05,10373
2016-06-06,10075
2016-06-07,9202
2016-06-08,10083
2016-06-09,9567
2016-06-10,9689
2016-06-11,8462
2016-06-12,7371
2016-06-13,7938
2016-06-14,8848
2016-06-15,9269
2016-06-16,8179
2016-06-17,7883
2016-06-18,7169
2016-06-19,6935
2016-06-20,7313
2016-06-21,7704
2016-06-22,8020
2016-06-23,8253
2016-06-24,7958
2016-06-25,7533
2016-06-26,8050
2016-06-27,17156
2016-06-28,9418
2016-06-29,11265
2016-06-30,9180
2016-07-01,8902
2016-07-02,8339
2016-07-03,9841
2016-07-04,8722
2016-07-05,9328
2016-07-06,10007
2016-07-07,8393
2016-07-08,8933
2016-07-09,9181
2016-07-10,9389
2016-07-11,9480
2016-07-12,10733
2016-07-13,9552
2016-07-14,9525
2016-07-15,8353
2016-07-16,2829
2016-07-17,8711
2016-07-18,9308
2016-07-19,9670
2016-07-20,9661
2016-07-21,10780
2016-07-22,7884
2016-07-23,8733
2016-07-24,9227
2016-07-25,363
2016-07-26,442
2016-07-27,1285
2016-07-28,4209
2016-07-29,6600
2016-07-30,8424
2016-07-31,9275
2016-08-01,9757
2016-08-02,1275
2016-08-03,1221
2016-08-04,1000
2016-08-05,1728
2016-08-06,1047
2016-08-07,8407
2016-08-08,967
2016-08-09,8250
2016-08-10,1001
2016-08-11,8160
2016-08-12,2883
2016-08-13,555
2016-08-14,7506
2016-08-15,8390
2016-08-16,1600
2016-08-17,9724
2016-08-18,3390
2016-08-19,8728
2016-08-20,2131
2016-08-21,8358
2016-08-22,8831
2016-08-23,8864
2016-08-24,8508
2016-08-25,9534
2016-08-26,9333
2016-08-27,9363
2016-08-28,9117
2016-08-29,41875
2016-08-30,9245
2016-08-31,8580
2016-09-01,9130
2016-09-02,2371
2016-09-03,9291
2016-09-04,26499
2016-09-05,12273
2016-09-06,8583
2016-09-07,7959
2016-09-08,4096
2016-09-09,8276
2016-09-10,2064
2016-09-11,8771
2016-09-12,7838
2016-09-13,8307
2016-09-14,9073
2016-09-15,8967
2016-09-16,7816
2016-09-17,8770
2016-09-18,9250
2016-09-19,8575
2016-09-20,8076
2016-09-21,9507
2016-09-22,8248
2016-09-23,9113
2016-09-24,9006
2016-09-25,9078
2016-09-26,8419
2016-09-27,9288
2016-09-28,7450
2016-09-29,7670
2016-09-30,7893
2016-10-01,7987
2016-10-02,7892
2016-10-03,9097
2016-10-04,8136
2016-10-05,9052
2016-10-06,7457
2016-10-07,7150
2016-10-08,9000
2016-10-09,9675
2016-10-10,7278
2016-10-11,7463
2016-10-12,7342
2016-10-13,6782
2016-10-14,7788
2016-10-15,7320
2016-10-16,7858
2016-10-17,7032
2016-10-18,7472
2016-10-19,6937
2016-10-20,6736
2016-10-21,6709
2016-10-22,7592
2016-10-23,7027
2016-10-24,6580
2016-10-25,6908
2016-10-26,7352
2016-10-27,7084
2016-10-28,7685
2016-10-29,7904
2016-10-30,7432
2016-10-31,7751
2016-11-01,7502
2016-11-02,7367
2016-11-03,10469
2016-11-04,7356
2016-11-05,8332
2016-11-06,7593
2016-11-07,6832
2016-11-08,6853
2016-11-09,5899
2016-11-10,6036
2016-11-11,5909
2016-11-12,6855
2016-11-13,7783
2016-11-14,6468
2016-11-15,6745
2016-11-16,6341
2016-11-17,5890
2016-11-18,5989
2016-11-19,7377
2016-11-20,7180
2016-11-21,6377
2016-11-22,6853
2016-11-23,6305
2016-11-24,6005
2016-11-25,5803
2016-11-26,7429
2016-11-27,6453
2016-11-28,5965
2016-11-29,6252
2016-11-30,6261
2016-12-01,5682
2016-12-02,5969
2016-12-03,6269
2016-12-04,6551
2016-12-05,6474
2016-12-06,7285
2016-12-07,6792
2016-12-08,5972
2016-12-09,5845
2016-12-10,6384
2016-12-11,5966
2016-12-12,6004
2016-12-13,6116
2016-12-14,5557
2016-12-15,5407
2016-12-16,5124
2016-12-17,5454
2016-12-18,5972
2016-12-19,5774
2016-12-20,5996
2016-12-21,5849
2016-12-22,5311
2016-12-23,5350
2016-12-24,4655
2016-12-25,4967
2016-12-26,5426
2016-12-27,5921
2016-12-28,5757
2016-12-29,6015
2016-12-30,5848
2016-12-31,7346
2017-01-01,5627
2017-01-02,5653
2017-01-03,5983
2017-01-04,6008
2017-01-05,2963
2017-01-06,4587
2017-01-07,6356
2017-01-08,7007
2017-01-09,6254
2017-01-10,5716
2017-01-11,6029
2017-01-12,6198
2017-01-13,6317
2017-01-14,6853
2017-01-15,6316
2017-01-16,6852
2017-01-17,6487
2017-01-18,6476
2017-01-19,6263
2017-01-20,6088
2017-01-21,6941
2017-01-22,6711
2017-01-23,6493
2017-01-24,6096
2017-01-25,6361
2017-01-26,6371
2017-01-27,6325
2017-01-28,6355
2017-01-29,6584
2017-01-30,6354
2017-01-31,6997
2017-02-01,15299
2017-02-02,9424
2017-02-03,6771
2017-02-04,7736
2017-02-05,7006
2017-02-06,7219
2017-02-07,6651
2017-02-08,5400
2017-02-09,6641
2017-02-10,6848
2017-02-11,7027
2017-02-12,7800
2017-02-13,22329
2017-02-14,7882
2017-02-15,6673
2017-02-16,6910
2017-02-17,7117
2017-02-18,7123
2017-02-19,7040
2017-02-20,7310
2017-02-21,7179
2017-02-22,6944
2017-02-23,7322
2017-02-24,7087
2017-02-25,7370
2017-02-26,6735
2017-02-27,6942
2017-02-28,7520
2017-03-01,1597
2017-03-02,7506
2017-03-03,6838
2017-03-04,7607
2017-03-05,7773
2017-03-06,7418
2017-03-07,7416
2017-03-08,8863
2017-03-09,7612
2017-03-10,7617
2017-03-11,7883
2017-03-12,7807
2017-03-13,7932
2017-03-14,7994
2017-03-15,8352
2017-03-16,8159
2017-03-17,8094
2017-03-18,8766
2017-03-19,8299
2017-03-20,10126
2017-03-21,8628
2017-03-22,8262
2017-03-23,7923
2017-03-24,8131
2017-03-25,7682
2017-03-26,7336
2017-03-27,7548
2017-03-28,7694
2017-03-29,8682
2017-03-30,8472
2017-03-31,8644
2017-04-01,8496
2017-04-02,7921
2017-04-03,7940
2017-04-04,9026
2017-04-05,1859
2017-04-06,8165
2017-04-07,7650
2017-04-08,8017
2017-04-09,8277
2017-04-10,7608
2017-04-11,8467
2017-04-12,9000
2017-04-13,8123
2017-04-14,8674
2017-04-15,8393
2017-04-16,8109
2017-04-17,7813
2017-04-18,7898
2017-04-19,8297
2017-04-20,7604
2017-04-21,7534
2017-04-22,9513
2017-04-23,9204
2017-04-24,7687
2017-04-25,7757
2017-04-26,8449
2017-04-27,7754
2017-04-28,8364
2017-04-29,8119
2017-04-30,7670
2017-05-01,8655
2017-05-02,7587
2017-05-03,7308
2017-05-04,7944
2017-05-05,7935
2017-05-06,8037
2017-05-07,8057
2017-05-08,7551
2017-05-09,7664
2017-05-10,7473
2017-05-11,7570
2017-05-12,7605
2017-05-13,7590
2017-05-14,7271
2017-05-15,7347
2017-05-16,7551
2017-05-17,7702
2017-05-18,7895
2017-05-19,8067
2017-05-20,9182
2017-05-21,8425
2017-05-22,10184
2017-05-23,10143
2017-05-24,9204
2017-05-25,8925
2017-05-26,9009
2017-05-27,10423
2017-05-28,9472
2017-05-29,8901
2017-05-30,8870
2017-05-31,8595
2017-06-01,9104
2017-06-02,9316
2017-06-03,8435
2017-06-04,20367
2017-06-05,9734
2017-06-06,8141
2017-06-07,8010
2017-06-08,7945
2017-06-09,7939
2017-06-10,7765
2017-06-11,7967
2017-06-12,7659
2017-06-13,7696
2017-06-14,7810
2017-06-15,7640
2017-06-16,7953
2017-06-17,7182
2017-06-18,7834
2017-06-19,7330
2017-06-20,7744
2017-06-21,7913
2017-06-22,7989
2017-06-23,7281
2017-06-24,7198
2017-06-25,7170
2017-06-26,8027
2017-06-27,7300
2017-06-28,7211
2017-06-29,7319
2017-06-30,8107
2017-07-01,7357
2017-07-02,7311
2017-07-03,7292
2017-07-04,7330
2017-07-05,7500
2017-07-06,8050
2017-07-07,7597
2017-07-08,7371
2017-07-09,7622
2017-07-10,8119
2017-07-11,8171
2017-07-12,7756
2017-07-13,7643
2017-07-14,9280
2017-07-15,340
2017-07-16,7209
2017-07-17,8227
2017-07-18,7928
2017-07-19,8300
2017-07-20,8129
2017-07-21,10033
2017-07-22,7561
2017-07-23,7473
2017-07-24,7715
2017-07-25,7759
2017-07-26,8116
2017-07-27,2535
2017-07-28,8450
2017-07-29,1469
2017-07-30,7834
2017-07-31,7858
2017-08-01,8239
2017-08-02,8573
2017-08-03,11022
2017-08-04,8315
2017-08-05,8293
2017-08-06,7290
2017-08-07,7399
2017-08-08,8031
2017-08-09,7684
2017-08-10,7381
2017-08-11,7931
2017-08-12,7860
2017-08-13,6745
2017-08-14,7756
2017-08-15,7751
2017-08-16,8400
2017-08-17,8170
2017-08-18,7650
2017-08-19,1099
2017-08-20,7498
2017-08-21,7481
2017-08-22,7967
2017-08-23,7885
2017-08-24,7759
2017-08-25,7622
2017-08-26,7954
2017-08-27,7049
2017-08-28,7135
2017-08-29,8101
2017-08-30,6981
2017-08-31,7381
2017-09-01,8870
2017-09-02,7348
2017-09-03,7395
2017-09-04,15355
2017-09-05,9167
2017-09-06,7228
2017-09-07,6787
2017-09-08,6934
2017-09-09,8760
2017-09-10,7381
2017-09-11,6925
2017-09-12,6782
2017-09-13,7276
2017-09-14,6919
2017-09-15,6587
2017-09-16,6787
2017-09-17,7388
2017-09-18,6897
2017-09-19,7014
2017-09-20,7929
2017-09-21,7799
2017-09-22,7083
2017-09-23,8019
2017-09-24,7051
2017-09-25,6923
2017-09-26,7435
2017-09-27,6889
2017-09-28,6705
2017-09-29,7770
2017-09-30,7393
2017-10-01,6993
2017-10-02,6242
2017-10-03,6613
2017-10-04,7449
2017-10-05,10036
2017-10-06,8271
2017-10-07,6876
2017-10-08,7026
2017-10-09,6874
2017-10-10,6681
2017-10-11,6599
2017-10-12,6823
2017-10-13,6398
2017-10-14,7527
2017-10-15,6518
2017-10-16,6765
2017-10-17,6604
2017-10-18,6728
2017-10-19,6494
2017-10-20,6451
2017-10-21,7204
2017-10-22,6728
2017-10-23,6450
2017-10-24,6597
2017-10-25,6265
2017-10-26,6383
2017-10-27,6240
2017-10-28,7201
2017-10-29,6850
2017-10-30,6341
2017-10-31,7198
2017-11-01,7255
2017-11-02,6786
2017-11-03,7474
2017-11-04,7536
2017-11-05,6717
2017-11-06,6310
2017-11-07,6970
2017-11-08,7862
2017-11-09,6954
2017-11-10,6811
2017-11-11,6613
2017-11-12,6381
2017-11-13,6411
2017-11-14,6873
2017-11-15,6604
2017-11-16,6484
2017-11-17,6621
2017-11-18,6188
2017-11-19,6545
2017-11-20,5727
2017-11-21,6196
2017-11-22,6413
2017-11-23,6158
2017-11-24,5439
2017-11-25,6764
2017-11-26,6102
2017-11-27,6328
2017-11-28,6113
2017-11-29,6369
2017-11-30,5696
2017-12-01,6486
2017-12-02,6384
2017-12-03,5781
2017-12-04,6223
2017-12-05,5904
2017-12-06,6206
2017-12-07,5690
2017-12-08,5657
2017-12-09,5774
2017-12-10,5746
2017-12-11,6123
2017-12-12,6329
2017-12-13,5856
2017-12-14,5972
2017-12-15,5552
2017-12-16,5192
2017-12-17,5267
2017-12-18,5344
2017-12-19,5088
2017-12-20,5558
2017-12-21,5277
2017-12-22,5631
2017-12-23,5317
2017-12-24,5259
2017-12-25,4737
2017-12-26,4875
2017-12-27,152
2017-12-28,33
2017-12-29,1432
2017-12-30,4893
2017-12-31,61
2018-01-01,1049
2018-01-02,5140
2018-01-03,5336
2018-01-04,5353
2018-01-05,5205
2018-01-06,5833
2018-01-07,5959
2018-01-08,5877
2018-01-09,5788
2018-01-10,5506
2018-01-11,5899
2018-01-12,5245
2018-01-13,6148
2018-01-14,6799
2018-01-15,5923
2018-01-16,5710
2018-01-17,5912
2018-01-18,5800
2018-01-19,6247
2018-01-20,6356
2018-01-21,7719
2018-01-22,6133
2018-01-23,6289
2018-01-24,6344
2018-01-25,6581
2018-01-26,6425
2018-01-27,6693
2018-01-28,6931
2018-01-29,6705
2018-01-30,7127
2018-01-31,6829
2018-02-01,6455
2018-02-02,6541
2018-02-03,6542
2018-02-04,6548
2018-02-05,6740
2018-02-06,6586
2018-02-07,6385
2018-02-08,6164
2018-02-09,5911
2018-02-10,6755
2018-02-11,5992
2018-02-12,6284
2018-02-13,6601
2018-02-14,7228
2018-02-15,6515
2018-02-16,4334
2018-02-17,6188
2018-02-18,6712
2018-02-19,6194
2018-02-20,6740
2018-02-21,7805
2018-02-22,7007
2018-02-23,6215
2018-02-24,7227
2018-02-25,6369
2018-02-26,6445
2018-02-27,6408
2018-02-28,7206
2018-03-01,8128
2018-03-02,7548
2018-03-03,7772
2018-03-04,7882
2018-03-05,6879
2018-03-06,7428
2018-03-07,7270
2018-03-08,8543
2018-03-09,7229
2018-03-10,7354
2018-03-11,7634
2018-03-12,8957
2018-03-13,8031
2018-03-14,9646
2018-03-15,8488
2018-03-16,7963
2018-03-17,7381
2018-03-18,7555
2018-03-19,8150
2018-03-20,9267
2018-03-21,8579
2018-03-22,8462
2018-03-23,8413
2018-03-24,8192
2018-03-25,8214
2018-03-26,8685
2018-03-27,9193
2018-03-28,9047
2018-03-29,9630
2018-03-30,9259
2018-03-31,10697
2018-04-01,9786
2018-04-02,8728
2018-04-03,9420
2018-04-04,9617
2018-04-05,8709
2018-04-06,8220
2018-04-07,8119
2018-04-08,8547
2018-04-09,8154
2018-04-10,8211
2018-04-11,8033
2018-04-12,8030
2018-04-13,8028
2018-04-14,9956
2018-04-15,26940
2018-04-16,11008
2018-04-17,9028
2018-04-18,8647
2018-04-19,8943
2018-04-20,9564
2018-04-21,10069
2018-04-22,11509
2018-04-23,8537
2018-04-24,8579
2018-04-25,8141
2018-04-26,8427
2018-04-27,9987
2018-04-28,8911
2018-04-29,8134
2018-04-30,8320
2018-05-01,9465
2018-05-02,8868
2018-05-03,9060
2018-05-04,9044
2018-05-05,9517
2018-05-06,8405
2018-05-07,7753
2018-05-08,7581
2018-05-09,8002
2018-05-10,7605
2018-05-11,7860
2018-05-12,7780
2018-05-13,8430
2018-05-14,8728
2018-05-15,8423
2018-05-16,7682
2018-05-17,7988
2018-05-18,8174
2018-05-19,7259
2018-05-20,12481
2018-05-21,10902
2018-05-22,52698
2018-05-23,10937
2018-05-24,10275
2018-05-25,8327
2018-05-26,7526
2018-05-27,7140
2018-05-28,7364
2018-05-29,7458
2018-05-30,7628
2018-05-31,8319
2018-06-01,9025
2018-06-02,8041
2018-06-03,8306
2018-06-04,8784
2018-06-05,9037
2018-06-06,8569
2018-06-07,9033
2018-06-08,8370
2018-06-09,8594
2018-06-10,10638
2018-06-11,8832
2018-06-12,8120
2018-06-13,7511
2018-06-14,8179
2018-06-15,9047
2018-06-16,9320
2018-06-17,12136
2018-06-18,8946
2018-06-19,7629
2018-06-20,8003
2018-06-21,8368
2018-06-22,7992
2018-06-23,7659
2018-06-24,7472
2018-06-25,7457
2018-06-26,7887
2018-06-27,6943
2018-06-28,7502
2018-06-29,7376
2018-06-30,6971
2018-07-01,7090
2018-07-02,6852
2018-07-03,7029
2018-07-04,7705
2018-07-05,7468
2018-07-06,7550
2018-07-07,7380
2018-07-08,7378
2018-07-09,7659
2018-07-10,8111
2018-07-11,7812
2018-07-12,7864
2018-07-13,7579
2018-07-14,7500
2018-07-15,6911
2018-07-16,7423
2018-07-17,8611
2018-07-18,6086
2018-07-19,7639
2018-07-20,7421
2018-07-21,7621
2018-07-22,7270
2018-07-23,8995
2018-07-24,8416
2018-07-25,8075
2018-07-26,8235
2018-07-27,7774
2018-07-28,7733
2018-07-29,7265
2018-07-30,7932
2018-07-31,12828
2018-08-01,13381
2018-08-02,10811
2018-08-03,10592
2018-08-04,8807
2018-08-05,7828
2018-08-06,8313
2018-08-07,7981
2018-08-08,8312
2018-08-09,7706
2018-08-10,7431
2018-08-11,8005
2018-08-12,7739
2018-08-13,7461
2018-08-14,8374
2018-08-15,7362
2018-08-16,7330
2018-08-17,8387
2018-08-18,8016
2018-08-19,7848
2018-08-20,7187
2018-08-21,7062
2018-08-22,7569
2018-08-23,7442
2018-08-24,8047
2018-08-25,7832
2018-08-26,8326
2018-08-27,7293
2018-08-28,7963
2018-08-29,8447
2018-08-30,8063
2018-08-31,8927
2018-09-01,9124
2018-09-02,8632
2018-09-03,7564
2018-09-04,14921
2018-09-05,8503
2018-09-06,7425
2018-09-07,7840
2018-09-08,8069
2018-09-09,7693
2018-09-10,7066
2018-09-11,7098
2018-09-12,7181
2018-09-13,7342
2018-09-14,8084
2018-09-15,8511
2018-09-16,8043
2018-09-17,7280
2018-09-18,7112
2018-09-19,7158
2018-09-20,6842
2018-09-21,7983
2018-09-22,8009
2018-09-23,7381
2018-09-24,7530
2018-09-25,7803
2018-09-26,8392
2018-09-27,6723
2018-09-28,7104
2018-09-29,7600
2018-09-30,7341
2018-10-01,6813
2018-10-02,6939
2018-10-03,7065
2018-10-04,7695
2018-10-05,9710
2018-10-06,9605
2018-10-07,6506
2018-10-08,6584
2018-10-09,6860
2018-10-10,7805
2018-10-11,6796
2018-10-12,7046
2018-10-13,6784
2018-10-14,8217
2018-10-15,6333
2018-10-16,6986
2018-10-17,6727
2018-10-18,6696
2018-10-19,7079
2018-10-20,7618
2018-10-21,6573
2018-10-22,6606
2018-10-23,6473
2018-10-24,7049
2018-10-25,7402
2018-10-26,7195
2018-10-27,7336
2018-10-28,7088
2018-10-29,6573
2018-10-30,7289
2018-10-31,7745
2018-11-01,7455
2018-11-02,6824
2018-11-03,7405
2018-11-04,6985
2018-11-05,6216
2018-11-06,6778
2018-11-07,6639
2018-11-08,6520
2018-11-09,6661
2018-11-10,8022
2018-11-11,6932
2018-11-12,6256
2018-11-13,6453
2018-11-14,6534
2018-11-15,6430
2018-11-16,6148
2018-11-17,6804
2018-11-18,6392
2018-11-19,5851
2018-11-20,6212
2018-11-21,6226
2018-11-22,6191
2018-11-23,6872
2018-11-24,7294
2018-11-25,6400
2018-11-26,6288
2018-11-27,6536
2018-11-28,6612
2018-11-29,6482
2018-11-30,6703
2018-12-01,7416
2018-12-02,8069
2018-12-03,6759
2018-12-04,6630
2018-12-05,6437
2018-12-06,6134
2018-12-07,6308
2018-12-08,6681
2018-12-09,6114
2018-12-10,6299
2018-12-11,6040
2018-12-12,7179
2018-12-13,6453
2018-12-14,5996
2018-12-15,6825
2018-12-16,9172
2018-12-17,6780
2018-12-18,6622
2018-12-19,6828
2018-12-20,6369
2018-12-21,6668
2018-12-22,6478
2018-12-23,6104
2018-12-24,6400
2018-12-25,5296
2018-12-26,6702
2018-12-27,7613
2018-12-28,7947
2018-12-29,7786
2018-12-30,7604
2018-12-31,8568
2019-01-01,6283
2019-01-02,6187
2019-01-03,5925
2019-01-04,6201
2019-01-05,6908
2019-01-06,7491
2019-01-07,7133
2019-01-08,6462
2019-01-09,6481
2019-01-10,6781
2019-01-11,6624
2019-01-12,7332
2019-01-13,6560
2019-01-14,6518
2019-01-15,2153
2019-01-16,6667
2019-01-17,6734
2019-01-18,6794
2019-01-19,7601
2019-01-20,7015
2019-01-21,6577
2019-01-22,6609
2019-01-23,6835
2019-01-24,7103
2019-01-25,6832
2019-01-26,8078
2019-01-27,6861
2019-01-28,7388
2019-01-29,7051
2019-01-30,7336
2019-01-31,7362
2019-02-01,7895
2019-02-02,8278
2019-02-03,8145
2019-02-04,7994
2019-02-05,7998
2019-02-06,8252
2019-02-07,8418
2019-02-08,7851
2019-02-09,8078
2019-02-10,7978
2019-02-11,8090
2019-02-12,8440
2019-02-13,8961
2019-02-14,9159
2019-02-15,8099
2019-02-16,8459
2019-02-17,8540
2019-02-18,8962
2019-02-19,8294
2019-02-20,8824
2019-02-21,9320
2019-02-22,9892
2019-02-23,9622
2019-02-24,9528
2019-02-25,9278
2019-02-26,9087
2019-02-27,8852
2019-02-28,9755
2019-03-01,9640
2019-03-02,10101
2019-03-03,9095
2019-03-04,8189
2019-03-05,9254
2019-03-06,8834
2019-03-07,11656
2019-03-08,11446
2019-03-09,10147
2019-03-10,8754
2019-03-11,8166
2019-03-12,8996
2019-03-13,8659
2019-03-14,8860
2019-03-15,8564
2019-03-16,10131
2019-03-17,9473
2019-03-18,8830
2019-03-19,9377
2019-03-20,11859
2019-03-21,10714
2019-03-22,9965
2019-03-23,9905
2019-03-24,10142
2019-03-25,9565
2019-03-26,9947
2019-03-27,10155
2019-03-28,9925
2019-03-29,9816
2019-03-30,13344
2019-03-31,30722
2019-04-01,27310
2019-04-02,31569
2019-04-03,34276
2019-04-04,21821
2019-04-05,12820
2019-04-06,11358
2019-04-07,13417
2019-04-08,12511
2019-04-09,10481
2019-04-10,10467
2019-04-11,9901
2019-04-12,9582
2019-04-13,10882
2019-04-14,10436
2019-04-15,9706
2019-04-16,9882
2019-04-17,21829
2019-04-18,15367
2019-04-19,13449
2019-04-20,13080
2019-04-21,11109
2019-04-22,12492
2019-04-23,13451
2019-04-24,11077
2019-04-25,10631
2019-04-26,11491
2019-04-27,11471
2019-04-28,10013
2019-04-29,9409
2019-04-30,10517
2019-05-01,10804
2019-05-02,10768
2019-05-03,10339
2019-05-04,9971
2019-05-05,10108
2019-05-06,10075
2019-05-07,9255
2019-05-08,9127
2019-05-09,11285
2019-05-10,9979
2019-05-11,9941
2019-05-12,9528
2019-05-13,9657
2019-05-14,10167
2019-05-15,9829
2019-05-16,9645
2019-05-17,10793
2019-05-18,12480
2019-05-19,10410
2019-05-20,21845
2019-05-21,12719
2019-05-22,49273
2019-05-23,17523
2019-05-24,11512
2019-05-25,10293
2019-05-26,10201
2019-05-27,9784
2019-05-28,9571
2019-05-29,12152
2019-05-30,11289
2019-05-31,12106
2019-06-01,11334
2019-06-02,10654
2019-06-03,10549
2019-06-04,10967
2019-06-05,10762
2019-06-06,11823
2019-06-07,10420
2019-06-08,9238
2019-06-09,9372
2019-06-10,9623
2019-06-11,9927
2019-06-12,9762
2019-06-13,12626
2019-06-14,12888
2019-06-15,9901
2019-06-16,10122
2019-06-17,9971
2019-06-18,10110
2019-06-19,10445
2019-06-20,10085
2019-06-21,10758
2019-06-22,10232
2019-06-23,10568
2019-06-24,10947
2019-06-25,10679
2019-06-26,10721
2019-06-27,10069
2019-06-28,10598
2019-06-29,8826
2019-06-30,9645
2019-07-01,9853
2019-07-02,9586
2019-07-03,9410
2019-07-04,9600
2019-07-05,9081
2019-07-06,9484
2019-07-07,9098
2019-07-08,9813
2019-07-09,9845
2019-07-10,11129
2019-07-11,9668
2019-07-12,8965
2019-07-13,9393
2019-07-14,9246
2019-07-15,9964
2019-07-16,10382
2019-07-17,12051
2019-07-18,10410
2019-07-19,10546
2019-07-20,9535
2019-07-21,9463
2019-07-22,10096
2019-07-23,9899
2019-07-24,9950
2019-07-25,10108
2019-07-26,10370
2019-07-27,9997
2019-07-28,9450
2019-07-29,10071
2019-07-30,9972
2019-07-31,10379
2019-08-01,11050
